City,City ID,Latitude,Longitude,temperature,humidity,cloudiness,wind speed
Lompoc,5367788,34.6391,-120.4579,291.13,67,1,4.63
Khatanga,2022572,71.9667,102.5,237.8,83,100,6.09
San Patricio,4726521,28.017,-97.5169,283.48,76,75,4.12
Chokurdakh,2126123,70.6333,147.9167,238.0,84,63,2.53
Ilulissat,3423146,69.2167,-51.1,269.15,80,90,6.69
Hilo,5855927,19.7297,-155.09,297.34,61,75,3.09
Albany,5106841,42.6001,-73.9662,272.82,70,99,1.16
Yellowknife,6185377,62.456,-114.3525,263.91,92,75,5.66
Rikitea,4030556,-23.1203,-134.9692,298.7,75,64,5.65
Saint Paul Harbor,5866583,57.79,-152.4072,275.15,80,1,2.57
Ushuaia,3833367,-54.8,-68.3,286.15,67,75,3.6
Busselton,2075265,-33.65,115.3333,290.1,59,99,2.24
Øksfjord,778362,70.2396,22.3479,260.34,66,90,4.12
Beyneu,610298,45.3167,55.2,273.11,92,73,12.5
Upernavik,3418910,72.7868,-56.1549,261.26,96,100,7.85
Mount Isa,2065594,-20.7333,139.5,306.15,33,21,4.12
Atar,2381334,20.5169,-13.0499,289.65,28,52,5.67
Morgan City,4333811,29.6994,-91.2068,282.41,71,1,3.09
Ponta do Sol,2264557,32.6667,-17.1,282.56,55,72,3.13
Bengkulu,1649150,-3.8004,102.2655,297.72,80,100,2.15
Sorong,1626542,-0.8833,131.25,301.38,82,100,4.52
Atambua,1651103,-9.1061,124.8925,300.41,75,100,0.89
Bose,6457397,45.4612,8.0137,276.54,66,0,0.89
Kapaa,5848280,22.0752,-159.319,299.96,69,1,4.63
Mataura,6201424,-46.1927,168.8643,298.42,43,0,1.21
Clyde River,5924351,70.4692,-68.5914,250.15,92,40,5.66
Punta Arenas,3874787,-53.15,-70.9167,284.98,71,75,8.23
Hofn,2630299,64.2539,-15.2082,277.42,92,100,7.09
Qaanaaq,3831208,77.484,-69.3632,254.33,81,1,2.01
Energetik,563471,51.7445,58.7934,246.75,88,84,2.68
Saint-Philippe,935215,-21.3585,55.7679,296.18,83,90,1.03
San Quintín,3984997,30.4833,-115.95,291.74,33,0,2.21
New Norfolk,2155415,-42.7826,147.0587,291.7,34,8,4.02
Hirara,1862505,24.8,125.2833,286.34,72,20,1.54
Kavaratti,1267390,10.5669,72.642,299.29,75,99,3.57
Srīvardhan,1255619,18.0333,73.0167,298.34,55,1,2.07
Avarua,4035715,-21.2078,-159.775,303.15,70,75,9.26
Hamilton,4513583,39.1834,-84.5333,277.94,65,1,3.6
Castro,3466704,-24.7911,-50.0119,291.92,94,80,4.5
Pevek,2122090,69.7008,170.3133,243.81,88,89,1.81
Torbay,6167817,47.6666,-52.7314,271.1,93,90,1.03
Ribeira Grande,3372707,38.5167,-28.7,289.58,87,79,7.48
Jamestown,5122534,42.097,-79.2353,274.63,75,1,4.63
Barrow,5880054,71.2906,-156.7887,251.15,84,1,7.2
Nhlangano,934913,-27.1167,31.2,290.98,99,93,0.56
Olden,3135601,61.8364,6.8064,261.91,67,0,2.23
Northam,2641434,51.0333,-4.2167,282.95,100,100,2.68
Norman Wells,6089245,65.282,-126.8329,257.15,92,90,7.2
Naze,1855540,28.3667,129.4833,285.15,71,40,2.06
Antalaha,1071296,-14.9003,50.2788,297.74,90,22,1.33
Peleduy,2018069,59.6289,112.7406,248.95,86,100,5.96
Dudinka,1507116,69.4058,86.1778,237.5,83,0,4.65
Zalesovo,1485528,53.9939,84.7431,247.57,89,100,3.02
Barcelos,2742416,41.5388,-8.6151,277.29,100,0,1.39
Zhigansk,2012530,66.7697,123.3711,233.01,80,100,5.14
George Town,1735106,5.4112,100.3354,297.0,88,20,1.54
Laas,3175096,46.6166,10.7002,271.99,93,90,1.54
Bredasdorp,1015776,-34.5322,20.0403,293.15,88,98,4.12
Hermanus,3366880,-34.4187,19.2345,294.26,85,39,4.02
Kumul,1529484,42.8,93.45,264.18,85,52,3.47
Saint Anthony,5044290,45.0205,-93.218,275.23,75,1,2.37
Whyalla,2058430,-33.0333,137.5833,293.15,64,3,6.17
Cape Town,3369157,-33.9258,18.4232,294.58,73,0,5.66
Inyonga,159134,-6.7167,32.0667,292.14,89,100,0.79
Portland,5746545,45.5234,-122.6762,283.46,50,40,1.54
Mwene-Ditu,207570,-7.0,23.45,291.48,96,98,1.27
Nagornskiy,558209,58.7731,57.5451,245.93,73,0,1.21
Waingapu,1622318,-9.6567,120.2641,301.78,69,100,1.43
Matamoros,3996426,25.5333,-103.25,288.07,29,75,2.11
Esperance,2071860,-33.8667,121.9,288.15,63,90,3.09
Tautira,4033557,-17.7333,-149.15,304.15,51,40,3.09
Bluff,2206939,-46.6,168.3333,288.89,81,22,2.27
Zalukokoazhe,465174,43.9039,43.2156,273.7,100,90,6.0
Port Hedland,2063042,-20.3167,118.5667,305.15,74,12,4.12
Tromsø,6453316,69.6496,18.957,268.92,68,75,8.75
Kaitangata,2208248,-46.2817,169.8464,292.59,73,45,4.47
Sørland,3137469,67.667,12.6934,274.74,85,94,1.14
Neryungri,2019309,56.6709,124.6491,234.14,79,50,0.15
Atuona,4020109,-9.8,-139.0333,298.66,75,68,5.52
Shubarkuduk,608271,49.1447,56.4872,256.27,89,95,8.13
Ormond Beach,4167178,29.2858,-81.0559,284.64,82,75,1.11
Donna,4686593,26.1703,-98.0519,289.11,36,40,1.89
Tual,1623197,-5.6667,132.75,302.29,75,100,5.18
Antofagasta,3899539,-23.65,-70.4,291.15,82,20,5.14
Dikson,1507390,73.5069,80.5464,239.45,86,89,3.2
Englewood,5421250,39.6478,-104.9878,283.63,35,75,10.8
Talnakh,1490256,69.4865,88.3972,240.71,78,3,4.76
Kirakira,2178753,-10.4544,161.9205,302.05,76,90,5.21
Vaini,4032243,-21.2,-175.2,303.15,74,75,4.63
Turkmenabat,1219649,39.0733,63.5786,273.15,93,0,3.09
Huilong,1806840,31.8111,121.655,279.91,60,0,2.05
Marzuq,72181,14.4,46.4667,284.44,44,0,1.47
Port Hardy,6111862,50.6996,-127.4199,281.15,76,75,2.06
Klaksvík,2618795,62.2266,-6.589,277.15,81,75,9.77
Yarmouth,4956335,41.7057,-70.2286,274.59,74,75,3.06
Burns Lake,5911745,54.2331,-125.7533,267.15,79,33,0.51
Forbes,2166368,-33.3833,148.0167,306.69,22,25,6.11
Butaritari,2110227,3.0707,172.7902,300.69,77,81,8.87
Lagoa,3372964,39.05,-27.9833,288.76,91,57,6.65
Hobart,2163355,-42.8794,147.3294,292.56,45,75,3.09
Port Lincoln,2063036,-34.7333,135.8667,290.3,62,59,5.18
Chui,3443061,-33.6971,-53.4616,290.59,63,0,4.38
Atocha,3923570,-20.9333,-66.2333,284.69,67,97,5.56
Provideniya,4031574,64.3833,-173.3,258.15,72,90,3.0
Dhidhdhoo,1337612,6.8833,73.1,299.7,82,99,5.08
Tasiilaq,3424607,65.6145,-37.6368,273.15,86,90,13.89
Te Anau,2181625,-45.4167,167.7167,295.62,47,23,2.43
Kholm,549786,59.2667,32.85,254.55,91,89,3.36
Lavrentiya,4031637,65.5833,-171.0,253.74,89,100,1.37
Dunedin,2191562,-45.8742,170.5036,291.97,72,24,3.34
Governador Valadares,3462315,-18.8511,-41.9494,296.29,84,12,3.53
Flinders,6255012,-34.5833,150.8552,301.69,51,0,3.6
Visnes,3131500,59.3556,5.2242,269.15,74,0,2.57
Vardø,777019,70.3705,31.1107,265.23,96,100,9.59
Shimoda,1852357,34.6667,138.95,281.9,76,20,0.51
Baruun-Urt,2032614,46.6806,113.2792,252.45,87,100,1.81
Plettenberg Bay,964712,-34.0527,23.3716,293.8,91,16,3.73
Cidreira,3466165,-30.1811,-50.2056,294.75,74,20,6.73
Anadyr,2127202,64.75,177.4833,251.15,84,75,4.0
Comodoro Rivadavia,3860443,-45.8667,-67.5,290.15,82,0,2.06
Paamiut,3421193,61.994,-49.6678,268.95,96,100,4.72
Baykit,1510689,61.67,96.37,252.39,87,100,3.13
Rajanpur,1167380,29.1035,70.325,284.86,30,10,2.42
Padang,1633419,-0.9492,100.3543,298.53,71,81,2.29
Whitianga,2179103,-36.8333,175.7,299.26,66,19,2.24
Mogadishu,53654,2.0371,45.3438,297.57,84,59,8.83
Thompson,6165406,55.7435,-97.8558,271.15,100,90,1.54
Faya,110690,18.3851,42.4509,281.63,71,0,0.83
San Jerónimo,3929611,-11.9472,-75.2829,285.41,69,76,2.28
Hithadhoo,1282256,-0.6,73.0833,300.99,74,77,9.64
La Santisima Trinidad,3902377,-14.8333,-64.9,297.15,100,90,1.19
Wad Medani,364103,14.4012,33.5199,293.71,38,0,4.13
Capari,792055,41.0561,21.1783,268.65,97,99,2.46
La Joya,3525570,18.6667,-99.4667,299.56,33,75,0.8
Acajutla,3587498,13.5928,-89.8275,301.15,47,20,2.57
São Filipe,3374210,14.8961,-24.4956,295.06,74,81,5.65
Aklavik,5882953,68.2191,-135.0107,246.15,76,90,1.54
Ulladulla,2145554,-35.35,150.4667,303.43,51,0,3.6
Ust-Kuyga,2013921,70.0167,135.6,232.25,77,44,0.82
Ternate,1624041,0.8,127.4,301.11,74,94,1.65
Klyuchi,1503153,52.2667,79.1667,241.69,86,62,2.88
Sosnogorsk,490391,63.6023,53.8817,247.01,86,19,1.08
Lebu,3883457,-37.6167,-73.65,286.48,79,1,6.48
Vila Velha,3445026,-20.3297,-40.2925,298.61,78,20,5.14
Nikolskoye,546105,59.7035,30.7861,257.79,78,99,5.0
Tuktoyaktuk,6170031,69.4541,-133.0374,245.15,76,75,2.17
Båtsfjord,780717,70.6345,29.7185,265.18,91,100,6.89
Laurel,4360369,39.0993,-76.8483,277.3,70,1,1.97
Siyabuswa,955313,-25.1132,29.0445,295.13,76,70,2.33
Baft,390054,29.234,56.6057,275.45,59,33,0.79
São João da Barra,3448903,-21.6403,-41.0511,297.97,86,0,6.77
Kashan,128477,33.9831,51.4364,278.92,57,0,0.65
West Bay,3580477,19.3667,-81.4167,299.19,78,20,2.06
Tikrit,90150,34.6071,43.6782,286.81,41,100,5.29
Abadan,162099,38.0507,58.2056,272.15,100,90,2.06
Gannan,2037311,47.9147,123.5031,250.55,83,0,2.72
Sarkand,1519691,45.41,79.9186,258.25,81,81,0.45
Takoradze,2294915,4.8845,-1.7554,299.15,86,46,3.34
Itoman,1861280,26.1247,127.6694,288.85,59,75,4.63
General Roca,3855065,-39.0333,-67.5833,299.15,53,40,6.69
Tarakan,1624725,3.3,117.6333,298.15,94,75,1.03
Shebalino,1492299,51.2917,85.6772,251.91,86,100,0.23
Marshall,4074736,34.3834,-86.3333,275.36,93,90,2.57
Aktau,610612,43.65,51.2,276.15,70,40,8.0
Santa Isabel Rio Negro,3662489,-0.4139,-65.0192,298.68,81,66,1.05
Chaozhou,1815395,23.6651,116.6379,277.15,87,0,1.0
Namatanai,2090021,-3.6667,152.4333,302.5,68,93,4.86
Santa Maria,3450083,-29.6842,-53.8069,296.15,68,20,4.63
Airai,1651810,-8.9266,125.4092,294.14,89,99,0.46
Saint George,5546220,37.1041,-113.5841,285.41,17,1,1.54
Samarai,2132606,-10.6167,150.6667,302.53,73,100,3.14
Puerto Palomas,3991350,31.7667,-107.6167,287.15,10,1,4.63
Bubaque,2374583,11.2833,-15.8333,298.57,70,0,4.27
Labuhan,8079926,-6.8844,112.2051,298.81,84,100,3.73
Adrar,2381972,20.5022,-10.0711,289.56,27,7,6.28
Souillac,933995,-20.5167,57.5167,298.15,88,40,2.57
Cabo San Lucas,3985710,22.8909,-109.9124,295.21,43,40,6.17
Kologriv,546282,58.8275,44.3178,245.68,87,75,3.04
Jieshi,1805857,22.8134,115.8257,283.15,66,1,3.35
Oxford,2640729,51.7522,-1.256,282.3,100,75,4.12
Codrington,2171099,-38.2667,141.9667,291.8,59,7,3.49
Bondo,218253,3.8146,23.6866,293.89,43,78,0.65
Konstantinovka,2021799,49.6167,127.9833,246.23,85,32,1.53
Hasaki,2112802,35.7333,140.8333,273.7,80,20,1.54
Lichuan,1803782,30.3,108.85,273.65,87,21,1.1
Bichena,342190,10.45,38.2,287.48,53,86,1.04
Tyret’ Pervaya,2014705,53.6703,102.3106,243.39,87,15,0.96
Bethel,5282297,41.3712,-73.414,273.41,80,75,1.97
Coquimbo,3893629,-29.9533,-71.3436,288.15,82,0,2.57
Port Alfred,964432,-33.5906,26.891,292.59,97,100,8.42
Djenné,2458589,13.9061,-4.5533,296.23,18,7,4.17
Haines Junction,5969025,60.7522,-137.5108,260.15,92,100,1.61
Banda Aceh,1215502,5.5577,95.3222,298.26,82,99,4.04
North Bend,5742974,43.4065,-124.2243,285.68,82,1,2.06
Xichang,1789647,27.8964,102.2634,275.93,62,0,0.52
Chara,2025630,56.9064,118.2631,238.26,68,57,0.44
Camargo,4013724,27.6667,-105.1667,287.57,31,0,0.39
Nanortalik,3421765,60.1432,-45.2371,271.89,94,100,5.3
Longyearbyen,2729907,78.2186,15.6401,265.15,79,75,2.57
San Policarpo,1688696,12.1791,125.5072,300.3,85,91,3.71
Ancud,3899695,-41.8697,-73.8203,287.15,67,0,2.06
Along,1278969,28.1667,94.7667,282.85,78,0,0.59
Fortuna,5563839,40.5982,-124.1573,287.59,94,90,2.06
Kaabong,233093,3.4836,34.1492,294.0,40,49,3.51
Alexandria,361058,31.2156,29.9553,289.15,67,40,5.14
Manzhouli,2035836,49.6,117.4333,248.07,82,23,0.63
Filingué,2444995,14.3521,3.3168,294.61,20,0,3.51
Araouane,2460954,18.9048,-3.5265,292.33,23,0,6.18
Verkhoyansk,2013465,67.5447,133.385,230.42,64,67,0.68
Bilibino,2126682,68.0546,166.4372,242.36,81,97,3.01
Altea,2521804,38.5989,-0.0514,279.63,68,0,2.7
Sun Valley,5513307,39.5963,-119.776,286.84,39,20,3.6
Lorengau,2092164,-2.0226,147.2712,302.81,68,98,4.17
Bagamoyo,161290,-6.4333,38.9,299.15,89,20,1.03
Carlsbad,5334223,33.1581,-117.3506,292.7,52,1,2.57
Maputo,1040652,-25.9653,32.5892,299.93,78,20,1.54
Cherskiy,2126199,68.75,161.3,243.98,87,100,2.28
Paphos,146214,34.7667,32.4167,287.42,67,40,5.66
Coyhaique,3894426,-45.5752,-72.0662,292.15,45,0,2.57
Severo-Kuril'sk,2121385,50.6789,156.125,266.96,84,52,2.85
Beringovskiy,2126710,63.05,179.3167,249.38,89,100,4.28
Barhi,1276956,23.9,80.8,279.82,54,0,0.77
Port Elizabeth,964420,-33.918,25.5701,294.15,88,90,5.14
Pangnirtung,6096551,66.1451,-65.7125,247.15,84,1,0.39
Shizuishan,1794806,39.2333,106.7694,271.25,60,64,4.81
Chapais,5919850,49.7834,-74.8492,270.15,93,90,4.63
Wonthaggi,2154826,-38.6044,145.5913,292.0,72,86,3.58
Ensley,4154489,30.5188,-87.2728,280.45,71,1,1.54
Deniliquin,2169068,-35.5333,144.9667,296.48,39,0,4.87
Port Macquarie,2152659,-31.4333,152.9167,302.05,53,5,0.45
Rocha,3440777,-34.4833,-54.3333,288.16,65,0,2.8
Ketchikan,5554428,55.3422,-131.6461,277.15,93,75,3.09
La Ronge,6050066,55.1001,-105.2842,269.15,93,100,4.63
Faanui,4034551,-16.4833,-151.75,300.7,76,63,7.03
Kropotkin,540761,45.4375,40.5756,278.33,90,100,4.57
Dicabisagan,1715015,17.0818,122.4157,296.45,86,98,4.85
São Miguel do Araguaia,3448455,-13.275,-50.1628,298.59,72,98,1.26
Zaozyornoye,687726,45.1582,33.2787,277.29,73,100,3.67
Tonantins,3661894,-2.8731,-67.8022,297.26,95,78,0.31
Cerquilho,3466429,-23.165,-47.7436,295.15,94,0,3.6
Kahului,5847411,20.8947,-156.47,300.58,51,20,4.63
Khāsh,1160571,28.2211,61.2158,276.24,39,0,1.13
Pombas,3374351,17.1503,-25.0201,294.15,64,40,11.83
Puerto Ayora,3652764,-0.7393,-90.3518,297.59,90,93,3.58
Vao,2137773,-22.6667,167.4833,298.44,84,97,8.74
Arraial do Cabo,3471451,-22.9661,-42.0278,297.85,87,2,9.3
San Cristobal,3628473,7.7669,-72.225,300.15,69,20,2.57
Xinqing,2033667,48.2333,129.5,248.77,88,84,1.48
Rawson,3839307,-43.3002,-65.1023,292.88,46,80,11.43
Manokwari,1636308,-0.8667,134.0833,300.91,73,100,2.96
Morondava,1058381,-20.2833,44.2833,301.39,82,12,4.3
Innisfail,2162683,-17.5333,146.0333,298.71,78,100,4.47
Lodja,211647,-3.4833,23.4333,293.67,91,99,0.39
Hong Kong,1819729,22.2855,114.1577,285.21,60,0,3.98
Isfana,1222662,39.8386,69.5306,275.15,64,20,6.0
Derbent,566532,42.0678,48.2899,287.26,48,100,3.98
Kruisfontein,986717,-34.0033,24.7314,294.82,89,98,1.34
Bathsheba,3374083,13.2167,-59.5167,299.15,73,40,8.23
Pangody,1495626,65.85,74.4859,257.06,91,96,8.17
Yangi Marg`ilon,1513491,40.4272,71.7189,273.15,64,53,0.37
Tiksi,2015306,71.6872,128.8694,237.95,81,64,1.31
Ponta Delgada,3372783,37.7333,-25.6667,289.49,94,75,4.12
Alofi,4036284,-19.0595,-169.9187,303.15,70,75,5.66
Diu,1272502,20.7141,70.9822,293.2,35,3,3.97
Cairns,2172797,-16.9167,145.7667,299.99,94,90,5.14
Wakimachi,1848933,34.0667,134.15,279.01,76,20,2.57
Barstow,5326297,34.8986,-117.0228,291.04,15,1,4.12
Kulaman,1708485,6.4594,124.0892,301.04,72,80,0.87
Mar del Plata,3430863,-38.0023,-57.5575,290.31,63,0,5.14
Sosnovo-Ozerskoye,2016216,52.5249,111.5418,240.71,86,26,1.68
Aswān,359792,24.0934,32.907,290.59,40,9,2.14
Bonfim,3405215,3.0833,-59.95,299.76,71,81,4.8
Norfolk,4945455,42.1668,-71.2495,274.39,51,1,1.54
Vila Franca do Campo,3372472,37.7167,-25.4333,289.5,94,75,4.12
Lovozero,533933,68.005,35.0117,252.03,87,1,1.7
Mwanga,152265,-4.8,38.2,294.49,71,7,1.33
Yulara,6355222,-25.2406,130.9889,307.15,18,0,8.75
Laguna,5364271,38.421,-121.4238,291.44,68,1,4.12
Saskylakh,2017155,71.9167,114.0833,230.64,76,94,4.71
Carutapera,3402648,-1.195,-46.02,298.92,82,100,3.59
Sumkino,1490655,58.1108,68.3244,244.28,86,0,2.47
Oktyabr'skiy,515879,54.4815,53.471,253.89,90,90,2.34
Črnomelj,3202333,45.5711,15.1889,270.2,93,24,1.26
Esqueda,4006532,30.7167,-109.5833,286.47,32,0,1.12
Grindavik,3416888,63.8424,-22.4338,277.15,93,20,6.69
Pochutla,3517970,15.7432,-96.4661,300.55,61,20,3.09
Bereda,3105522,43.2686,-7.5406,272.92,100,12,0.89
Khor,2022317,47.8861,134.9464,255.51,93,99,1.81
Barabai,1650064,-2.5833,115.3833,297.2,95,100,0.73
Yarkovo,1486369,57.4028,67.0786,244.76,87,0,2.46
Ürümqi,1529102,43.801,87.6005,263.15,73,0,2.0
Kailua,5847486,21.4022,-157.7394,299.95,57,75,4.63
Saldanha,3361934,-33.0117,17.9442,296.15,64,0,1.54
Tuatapere,2180815,-46.1333,167.6833,293.39,61,17,3.52
Becerril,3689026,9.7041,-73.2793,299.75,65,65,3.71
Exu,3400541,-7.5119,-39.7242,294.94,83,74,1.49
Cocorit,4013593,27.5833,-109.9667,299.15,12,1,3.09
Arari,3407258,-3.4536,-44.78,296.95,95,84,1.42
Vilhena,3924679,-12.7406,-60.1458,295.15,100,75,3.09
Noumea,2139521,-22.2763,166.4572,301.01,78,90,3.09
Qaqortoq,3420846,60.7167,-46.0333,272.15,80,90,1.54
Carballo,3126369,43.213,-8.691,278.67,87,90,2.57
Bariloche,7647007,-41.1456,-71.3082,293.15,32,0,7.2
Joaçaba,3459869,-27.1781,-51.5047,293.53,91,60,2.01
Hof,2902768,50.3167,11.9167,271.29,76,98,1.79
Guerrero Negro,4021858,27.9769,-114.0611,293.15,25,0,5.38
Sobolevo,525426,54.4299,31.8996,263.57,96,100,5.18
Eyl,60019,7.9803,49.8164,295.14,77,19,8.22
Barra de Tecoanapa,3516171,16.5167,-98.75,300.58,68,62,3.9
Bulls,2192828,-40.1667,175.3833,297.8,65,0,1.34
Astara,148442,38.5,48.6667,283.96,53,77,2.8
Sola,2134814,-13.8833,167.55,304.15,74,75,2.57
Jiuquan,1279945,39.7432,98.5174,264.16,79,44,4.22
Avera,4231997,33.194,-82.5271,280.19,81,90,2.96
Vestmannaeyjar,3412093,63.4427,-20.2734,279.91,75,99,5.01
Kununurra,2068110,-15.7667,128.7333,303.15,79,37,1.39
Fram,3438106,-26.9833,-55.8833,302.15,61,0,5.14
Richards Bay,962367,-28.783,32.0377,296.38,88,96,1.5
Turukhansk,1488903,65.8167,87.9833,245.09,87,100,3.89
Henties Bay,3356832,-22.116,14.2845,294.26,85,100,1.83
Lata,2738381,40.1629,-8.3327,277.71,88,0,1.16
Olinda,3393536,-8.0089,-34.8553,299.15,69,40,3.6
Lancaster,5197085,40.2504,-76.2499,274.92,69,43,2.74
Naryan-Mar,523392,67.6713,53.087,249.57,86,46,5.05
Tairua,2182010,-37.0167,175.85,296.23,64,14,2.94
Wilmington,4499379,34.2257,-77.9447,282.04,81,1,4.12
Westport,4845585,41.1415,-73.3579,274.22,80,75,1.54
Lukulu,909488,-14.3707,23.242,292.52,95,100,1.11
Gualeguaychú,3433658,-33.0094,-58.5172,298.15,40,0,1.79
Christchurch,2192362,-43.5333,172.6333,295.64,73,90,4.12
Le Moule,3578967,16.3332,-61.3473,296.15,88,40,0.51
Kindu,212902,-2.95,25.95,294.89,92,100,0.41
Pemangkat,1631637,1.1667,108.9667,297.68,93,100,5.18
Khilok,2022463,51.3674,110.4676,247.96,87,89,1.24
Lufkin,4708308,31.3382,-94.7291,283.35,58,1,2.57
Rørvik,3141310,64.8621,11.2373,266.93,90,0,4.61
Laï,2429296,9.3952,16.2989,292.63,24,80,1.44
Khani,610864,41.9563,42.9566,285.15,87,90,3.09
Turbat,1163054,26.0023,63.044,287.22,25,0,4.94
Al Bardīyah,80509,31.7561,25.0865,286.15,64,0,9.08
Ostrovnoy,556268,68.0531,39.5131,257.64,93,67,10.13
Tura,1254046,25.5198,90.2201,284.41,48,0,1.22
Sabzawār,118063,36.2126,57.6819,276.56,57,0,0.21
Baghdad,98182,33.3406,44.4009,284.15,54,0,3.09
Palmas Bellas,3703523,9.2319,-80.0867,300.37,82,69,4.92
Umm Kaddadah,364933,13.6017,26.6876,291.87,26,0,5.82
Mahon,2514301,39.8885,4.2658,280.15,87,0,2.06
Cherëmukhovo,569295,60.3484,59.9851,251.54,82,0,1.23
Ugoofaaru,1337619,5.6667,73.0,299.7,76,100,0.98
Tai’an,1793724,36.1853,117.12,277.04,55,0,2.36
Belmonte,3470137,-15.8631,-38.8828,299.15,78,20,4.63
Si Racha,1606250,13.1737,100.9311,293.84,46,0,3.42
Moose Factory,6078372,51.2585,-80.6094,269.15,93,90,3.09
Sitka,5557293,57.0531,-135.33,276.15,87,90,4.12
Tremedal,3446198,-14.9758,-41.4108,294.22,84,28,2.05
Berlevåg,780687,70.8578,29.0864,267.22,95,100,10.51
Palmer,4946620,42.1584,-72.3287,274.14,64,90,1.88
Emirdağ,315621,39.0197,31.15,274.1,89,69,3.22
Novyy Buyan,517218,53.6861,50.0469,260.15,92,75,6.0
Victor Harbor,2059470,-35.5667,138.6167,291.61,56,33,4.79
Mossamedes,3347019,-15.1961,12.1522,295.35,70,92,1.41
Sur,286245,22.5667,59.5289,291.04,55,0,1.15
Sioux Lookout,6148373,50.1001,-91.917,270.15,93,90,2.57
Vostok,2013279,46.4856,135.8833,254.42,91,96,2.25
Tāsgaon,1254858,17.0333,74.6,294.36,52,37,2.5
Carnarvon,2074865,-24.8667,113.6333,298.15,94,55,5.66
Bakhtiyārpur,1277684,25.4667,85.5167,280.15,87,0,2.34
Mayo,4362001,38.8876,-76.5119,276.46,93,1,1.54
Mponela,926087,-13.5319,33.7401,291.46,88,100,1.72
Bambous Virieux,1106677,-20.3428,57.7575,298.15,88,40,2.57
Maceió,3395981,-9.6658,-35.7353,297.15,88,0,2.57
Abhā,110690,18.2164,42.5053,281.6,71,0,0.77
Yershov,467120,51.3513,48.2766,265.13,97,100,9.51
Pangai,4032369,-19.8,-174.35,302.15,79,40,4.12
Aykhal,2027296,66.0,111.5,239.41,82,100,4.35
Makkah al Mukarramah,104515,21.4267,39.8261,295.08,71,0,1.27
Caribou,4960140,46.8606,-68.012,271.3,64,90,2.06
Bowen,2174444,-20.0167,148.2333,301.15,65,40,8.75
Banfora,2362909,10.6333,-4.7667,295.57,18,20,2.39
Teya,1489656,60.3778,92.6267,249.3,85,100,4.32
Cervo,3125287,43.6702,-7.4101,281.48,81,10,2.05
Vanavara,2013727,60.34,102.2797,248.93,88,100,4.92
Guerrero,3527213,17.6667,-100.0,293.46,65,70,0.59
Koutsouras,261814,35.0339,25.9469,285.93,52,84,4.66
Athabasca,5887916,54.7169,-113.2854,271.15,74,100,6.69
Aranda de Duero,3129877,41.6704,-3.6892,270.79,94,2,1.36
Khakhea,933649,-24.6895,23.494,299.38,43,60,3.44
Alta,847633,69.9689,23.2717,258.15,66,90,4.12
Charters Towers,2171722,-20.1,146.2667,300.72,64,95,4.67
Arganil,2742757,40.2183,-8.054,274.9,38,0,1.34
Road Town,3577430,18.4167,-64.6167,298.88,78,40,3.09
Launceston,2160517,-41.45,147.1667,292.89,52,1,4.12
The Valley,3573374,18.217,-63.0578,298.42,78,20,6.69
Tadine,2138285,-21.55,167.8833,298.86,86,100,5.64
Gal'bshtadt,1497899,53.2264,78.9845,241.51,87,91,2.89
Isangel,2136825,-19.55,169.2667,303.15,79,75,4.35
Nichinan,1855476,31.6,131.3667,276.15,93,20,3.09
Zhaotong,1784841,27.3167,103.7167,274.29,91,69,1.53
Fonte Boa,6319315,-2.4959,-66.2662,297.17,94,94,0.48
Yeppoon,2142316,-23.1333,150.7333,301.15,51,20,5.14
Langenburg,2881128,49.2544,9.8458,274.53,87,90,6.17
Itupiranga,3397851,-5.1347,-49.3267,296.99,92,43,0.69
Xuanwu,1799962,32.069,118.8138,277.83,93,0,1.0
Ambalavao,1083968,-21.8333,46.9333,292.39,89,23,0.71
Yumen,1528998,40.2833,97.2,267.18,70,77,9.08
Volot,472328,57.9278,30.7025,259.78,95,100,3.97
Camacha,2270385,33.0833,-16.3333,286.15,71,20,3.09
Taoudenni,2450173,22.6783,-3.9836,288.77,31,0,6.14
Meulaboh,1214488,4.1363,96.1285,297.8,79,99,1.42
Vondrozo,1053507,-22.8167,47.2833,294.14,100,25,1.32
Vallenar,3868633,-28.5708,-70.7581,294.45,40,0,1.52
Minsk,625144,53.9,27.5667,266.15,93,75,4.0
Pacific Grove,5380437,36.6177,-121.9166,289.19,63,1,1.54
Assiut,359783,27.181,31.1837,285.15,66,0,5.14
Río Gallegos,3838859,-51.6226,-69.2181,291.15,42,0,2.57
Santa Rosa,1687894,14.3122,121.1114,298.27,83,20,1.54
Asău,686090,46.4333,26.4,271.04,100,45,0.51
Lashio,1314759,22.9333,97.75,281.67,99,13,0.55
Bacolod City,1729564,10.6667,122.95,298.9,87,97,4.5
Yankton,5233053,42.8711,-97.3973,279.24,65,1,2.06
Yangjiang,1806408,21.85,111.9667,284.84,42,41,1.95
Narsaq,3421719,60.9167,-46.05,272.15,80,90,1.54
Hemnesberget,3152995,66.2333,13.6333,262.04,78,7,1.79
Neiafu,4032420,-18.65,-173.9833,303.15,74,20,5.14
Panama City,3703443,8.9936,-79.5197,300.89,70,20,3.6
Kanniyākumāri,1268008,8.0833,77.5667,298.4,82,98,10.4
Barra Bonita,3470776,-22.4947,-48.5581,295.93,93,100,1.79
Mumford,2297810,5.2618,-0.759,299.43,86,47,4.78
Rafaela,3839479,-31.2503,-61.4867,298.03,40,0,0.89
Doha,290030,25.2867,51.5333,287.5,72,0,1.54
Yerofey Pavlovich,2012938,53.9667,121.9667,242.02,82,38,0.77
Dwārka,1272140,22.2394,68.9678,291.47,40,2,2.99
Calama,3897347,-22.4667,-68.9333,293.15,14,0,7.72
Krasnyy Chikoy,2012349,50.3643,108.7512,246.93,84,84,0.74
Caucayá,3671437,-0.1934,-74.7819,295.92,85,96,0.19
Hudeşti,675941,48.15,26.5,272.04,81,80,0.45
Irámuco,4004331,19.95,-100.9167,293.15,40,75,3.09
Bac Lieu,1591474,9.285,105.7244,294.18,74,38,2.24
Puerto del Rosario,2512186,28.5004,-13.8627,289.15,55,0,3.6
Shenjiamen,1795632,29.9576,122.298,282.36,69,21,3.35
Tokmak,691469,47.2514,35.7058,269.39,96,24,3.28
Orlik,1496073,52.5178,99.825,244.06,78,73,0.77
Fukuechō,1863997,32.6881,128.8419,280.15,93,40,0.51
Katsuura,2112309,35.1333,140.3,281.17,61,20,3.09
Värnamo,2664855,57.186,14.04,272.38,91,94,6.2
Rolla,4406282,37.9514,-91.7713,279.7,49,1,5.66
Daru,2098329,-9.0763,143.2092,301.77,78,100,2.6
Ukiah,5404476,39.1502,-123.2078,289.22,82,1,1.03
Mutare,884979,-18.9707,32.6709,291.99,97,100,2.17
Pemba,1028918,-12.974,40.5178,298.15,94,20,4.12
Basco,1726449,20.4487,121.9702,294.25,76,50,10.05
Matara,1235846,5.9485,80.5353,296.79,88,96,3.0
Nome,5870133,64.5011,-165.4064,265.15,93,90,3.6
Mīzan Teferī,330534,6.9833,35.5833,293.51,55,86,0.61
Zanjān,111453,36.6736,48.4787,277.1,65,67,2.89
Korla,1529376,41.7597,86.1469,265.97,81,41,3.4
Fomboni,921889,-12.28,43.7425,301.16,75,11,4.11
Havre-St-Pierre,5972291,50.2334,-63.5986,265.15,86,90,2.06
Newport,2641598,51.5877,-2.9984,282.54,91,100,1.34
Shushenskoye,1491953,53.325,91.9356,248.15,84,90,1.0
Straumen,3135728,63.8709,11.2999,261.17,85,0,3.09
Amga,2027786,60.8953,131.9608,230.33,76,76,0.57
Auki,2109701,-8.7676,160.7034,303.23,61,35,1.42
Trat,1605277,12.5,102.5,292.59,61,22,2.24
Samfya,899274,-11.3649,29.5565,292.29,92,100,2.09
Rio Grande,3451138,-32.035,-52.0986,293.15,70,0,0.89
Campbellton,6696258,48.0075,-66.6727,268.15,93,95,0.51
Businga,217637,3.3333,20.8833,295.18,35,84,0.9
Arrondissement de Lure,2997075,47.75,6.5,280.15,93,90,6.17
Miles City,5666176,46.4083,-105.8406,282.15,20,75,17.49
Biloela,2175819,-24.4167,150.5,301.66,41,0,4.6
Paita,3694112,-5.0892,-81.1144,298.15,65,0,8.23
Abéché,245785,13.8292,20.8324,292.03,23,0,3.64
Srednekolymsk,2121025,67.45,153.6833,243.25,87,100,2.71
Geraldton,2070998,-28.7667,114.6,300.15,32,0,7.72
Iqaluit,5983720,63.7506,-68.5145,248.15,70,20,2.06
Erzin,296852,36.9559,36.2,288.71,75,67,1.34
Kaseda-shirakame,1859964,31.4167,130.3167,275.15,100,20,2.57
Rock Sound,3571592,24.9,-76.2,297.27,80,1,4.35
Constitución,3893726,-35.3333,-72.4167,287.4,67,0,6.39
Bria,239899,6.5423,21.9863,292.93,28,36,1.96
Jurm,1139085,36.8648,70.8342,274.0,57,0,2.84
Yele,2331715,10.7323,13.5891,289.61,28,50,1.1
Letka,535639,59.6011,49.4232,245.37,88,32,2.28
Dingle,1714733,10.9995,122.6711,298.91,88,99,5.42
Marsh Harbour,3571913,26.5412,-77.0636,295.88,75,82,3.18
Port-Gentil,2396518,-0.7193,8.7815,298.15,94,20,1.03
Kabakovo,554692,54.5369,56.1517,253.15,77,75,3.0
Krasnosel'kup,1502073,65.7,82.4667,256.98,94,100,3.81
Wausau,5278120,44.9591,-89.6301,272.29,86,40,2.57
Los Llanos de Aridane,2514651,28.6585,-17.9182,287.62,67,90,4.12
Aberfeldy,2657820,56.62,-3.8645,273.53,93,100,0.89
Līsakovsk,1521315,52.5369,62.4936,244.6,87,13,1.78
Honningsvåg,779554,70.9821,25.9704,273.29,98,100,12.26
Sadon,525990,42.8518,44.0037,272.15,100,95,2.0
Gizo Government Station,2108857,-8.103,156.8419,302.83,69,87,5.18
Botro,2290985,7.8525,-5.3106,299.15,78,20,2.57
Dallas,4684904,32.7668,-96.7836,286.2,47,1,4.63
Tāndā,1255024,26.55,82.65,280.82,67,0,2.04
Togur,1489499,58.3631,82.8265,252.8,91,99,4.25
Puerto Baquerizo Moreno,3652758,-0.9,-89.6,299.15,89,20,5.66
Inhambane,1045114,-23.865,35.3833,298.46,88,0,2.33
High Level,5975004,58.5169,-117.136,273.15,64,75,5.14
Sīrjān,114259,29.452,55.6814,277.62,57,46,1.4
Kenora,5991056,49.8167,-94.4337,271.04,74,40,3.6
Batagay-Alyta,2027042,67.8006,130.4114,232.39,71,11,0.46
Srikakulam,1255647,18.3,83.9,293.44,91,78,2.1
Olafsvik,3414079,64.8945,-23.7142,278.18,82,79,6.65
Rome,5134295,43.2128,-75.4557,272.43,69,1,3.6
Manakara,1061605,-22.1333,48.0167,297.81,93,25,2.54
Staraya Mayna,489135,54.6,48.95,251.15,77,90,1.0
Mayuge,229292,0.4597,33.4803,293.67,86,100,0.97
Nautla,3522788,20.2167,-96.7833,289.36,73,57,3.25
Sibolga,1213855,1.7427,98.7792,297.64,67,98,1.94
San Luis,3837056,-33.295,-66.3356,295.73,61,52,4.19
Naviraí,3456368,-23.065,-54.1906,298.13,89,100,1.77
Kushmurun,1519924,52.4503,64.6311,245.54,84,0,1.78
Kenai,5866063,60.5544,-151.2583,271.4,86,90,1.54
Fort Morgan,5577158,40.2503,-103.8,285.15,35,1,12.35
Lingyuan,2036075,41.24,119.4011,259.86,91,31,1.69
General Pico,3855075,-35.6566,-63.7568,302.44,23,42,5.18
Kiunga,2093846,-6.1219,141.2906,298.15,92,100,0.33
Waddān,2209055,29.1614,16.139,282.03,60,4,3.07
Gorahun,2408683,7.4661,-11.2375,295.62,97,28,0.25
Boyolangu,1648082,-8.1181,111.8935,298.57,83,100,1.97
Tocopilla,3869716,-22.092,-70.1979,293.19,64,87,3.04
Östersund,2685750,63.1792,14.6357,259.15,85,90,2.57
Necochea,3430443,-38.5473,-58.7368,289.82,68,0,7.19
Areosa,2742765,41.7178,-8.8571,277.33,100,0,1.81
Biu,2346995,10.6129,12.1946,290.27,28,32,2.75
Abu Samrah,172515,35.3029,37.1841,285.13,74,53,6.5
College,5859699,64.8569,-147.8028,253.09,77,40,1.52
Maniitsoq,3421982,65.4167,-52.9,268.05,96,100,5.16
St. George's,3579925,12.0564,-61.7485,299.15,78,40,3.09
Tazmalt,2477537,36.3868,4.3989,278.79,73,0,1.05
Kavieng,2094342,-2.5744,150.7967,302.52,70,84,5.94
Yadrin,469809,55.9405,46.2062,252.53,90,100,6.23
Morwell,2156825,-38.2333,146.4,293.71,54,57,4.02
Yenagoa,2318123,4.9247,6.2642,297.55,90,2,1.85
Dalvik,2632287,65.9702,-18.5286,278.15,65,90,7.2
Salalah,286621,17.0151,54.0924,295.15,30,0,6.17
Ossora,2122389,59.2353,163.0719,251.52,88,99,1.52
Rossosh',501215,51.1209,38.5116,273.15,97,100,7.72
Ahipara,2194098,-35.1667,173.1667,296.54,56,2,2.29
Jaipur,1269515,26.9167,75.8167,284.15,62,0,1.03
Miraflores,3761194,19.2167,-98.8083,291.7,39,75,5.14
Batemans Bay,2176639,-35.7167,150.1833,298.98,80,6,3.58
Trelleborg,2667402,55.3751,13.1569,273.28,86,90,6.69
Emba,609924,48.8264,58.1442,254.58,88,77,6.25
Kabinda,215527,-6.1333,24.4833,292.73,93,94,0.67
Tønder,2611497,54.9331,8.8667,273.35,85,51,3.13
Shache,1280037,38.4167,77.2406,270.06,85,0,0.58
Belaya Gora,2126785,68.5333,146.4167,234.75,82,99,1.39
Poum,2138555,-20.2333,164.0167,300.85,82,100,7.12
Kunigal,1265591,13.0222,77.0267,290.15,100,20,2.65
Ardakān,143073,32.31,54.0175,273.15,29,0,1.03
Gao,2457161,16.6362,1.637,294.85,20,0,4.73
Garoowe,58933,8.4054,48.4845,291.28,68,3,4.43
Lugovoy,1521293,42.9472,72.7644,266.23,93,84,2.62
Challans,3027513,46.8436,-1.8749,281.45,93,90,3.6
Matagami,6067747,49.7502,-77.6328,271.15,100,90,1.54
Pasir Gudang,1880252,1.4584,103.8805,297.43,83,75,0.51
Ucluelet,6171633,48.9329,-125.5528,281.72,71,75,2.06
Juneau,5554072,58.3019,-134.4197,273.75,81,90,5.14
Huangpi,1807308,30.8845,114.3779,278.15,60,28,2.0
Jilin,2036500,43.0,126.0,254.78,86,0,1.01
Fécamp,3018794,49.7579,0.3746,281.66,93,90,7.72
Commerce,5338929,34.0006,-118.1598,294.28,23,1,2.06
Conceição da Barra,3465769,-18.5933,-39.7322,297.92,82,0,2.89
Riberalta,3906466,-10.9833,-66.1,297.15,100,90,1.23
Honiara,2108502,-9.4333,159.95,303.06,63,86,3.38
Manosque,2996180,43.8288,5.7869,281.48,79,2,2.24
Hualmay,3939761,-11.0964,-77.6139,294.86,85,98,4.36
East London,1006984,-33.0153,27.9116,295.93,91,100,6.46
Eisenberg,2931521,50.9667,11.9,272.96,66,73,7.52
Bad Waldsee,2953320,47.9167,9.7667,274.72,93,90,3.09
Erdőkertes,3053253,47.6726,19.3079,273.56,80,0,3.6
Lüderitz,3355672,-26.6481,15.1594,291.27,89,18,2.93
Potrero del Llano,3521207,21.05,-97.6833,291.15,72,90,3.09
Beloha,1067565,-25.1667,45.05,296.43,95,35,3.17
